<?xml version="1.0" encoding="UTF-8" standalone="yes"?>
<addon id="screensaver.tvtunes" name="TvTunesScreensaver" version="1.1.0" provider-name="robwebset">
	<requires>
		<import addon="xbmc.python" version="2.20.0"/>
		<import addon="script.module.simplejson" version="3.3.0"/>
		<import addon="script.tvtunes" version="6.3.2"/>
	</requires>
	<extension point="xbmc.ui.screensaver" library="default.py"/>
	<extension point="xbmc.python.script" library="default.py"/>
	<extension point="xbmc.addon.repository" name="robwebset's Repository">
		<info compressed="false">http://raw.github.com/robwebset/repository.robwebset/master/addons.xml</info>
		<checksum>http://raw.github.com/robwebset/repository.robwebset/master/addons.xml.md5</checksum>
		<datadir zip="true">http://raw.github.com/robwebset/repository.robwebset/master</datadir>
	</extension>
	<extension point="xbmc.addon.metadata">
		<summary lang="en">Plays your themes while showing images for each TV Show or Movie</summary>
		<description lang="en">The TvTunes Screensaver makes use of the themes configured in your library to use them as a screensaver.</description>
		<language></language>
		<platform>all</platform>
		<license>GNU GENERAL PUBLIC LICENSE. Version 3, 29 June 2007</license>
		<forum>http://forum.kodi.tv/showthread.php?tid=272157</forum>
		<source>https://github.com/robwebset/screensaver.tvtunes</source>
	</extension>
</addon>
