<?xml version="1.0" encoding="UTF-8" standalone="yes"?>
<addon id="script.audiobooks" name="AudioBooks" version="1.5.0" provider-name="robwebset">
	<requires>
		<import addon="xbmc.python" version="2.14.0"/>
	</requires>
	<extension point="xbmc.python.pluginsource" library="plugin.py">
		<provides>audio</provides>
	</extension>
	<extension point="xbmc.addon.repository" name="robwebset's Repository">
		<info compressed="false">http://raw.github.com/robwebset/repository.robwebset/master/addons.xml</info>
		<checksum>http://raw.github.com/robwebset/repository.robwebset/master/addons.xml.md5</checksum>
		<datadir zip="true">http://raw.github.com/robwebset/repository.robwebset/master</datadir>
	</extension>
	<extension point="xbmc.addon.metadata">
		<summary lang="en">Play AudioBooks</summary>

		<description lang="en">Allows the playing of AudioBooks</description>

		<language></language>
		<platform>all</platform>
		<license>GNU GENERAL PUBLIC LICENSE. Version 3, 29 June 2007</license>
		<forum>http://forum.kodi.tv/showthread.php?tid=239859</forum>
		<source>https://github.com/robwebset/script.audiobooks</source>
	</extension>
</addon>
